{"text": " These are the scenarios used in this video.", "segments": [{"id": 0, "seek": 0, "start": 0.0, "end": 18.84, "text": " These are the", "tokens": [50363, 2312, 389, 262, 51305], "temperature": 1.0, "avg_logprob": -3.1503702799479165, "compression_ratio": 0.6190476190476191, "no_speech_prob": 0.41649171710014343}, {"id": 1, "seek": 9000, "start": 90.0, "end": 97.76, "text": " scenarios used in this video.", "tokens": [50363, 13858, 973, 287, 428, 2008, 13, 50751], "temperature": 1.0, "avg_logprob": -3.010173585679796, "compression_ratio": 0.7837837837837838, "no_speech_prob": 0.38268283009529114}], "language": "en"}