{"text": " history lesson for the History Channel. History, not history. History, not history. History, not history. This message has been brought to you by the society of people who think that names should mean something.", "segments": [{"id": 0, "seek": 0, "start": 0.0, "end": 7.76, "text": " history lesson for the History Channel. History, not history. History, not history.", "tokens": [50363, 2106, 11483, 329, 262, 7443, 11102, 13, 7443, 11, 407, 2106, 13, 7443, 11, 407, 2106, 13, 50751], "temperature": 0.0, "avg_logprob": -0.19099338687196069, "compression_ratio": 1.6614173228346456, "no_speech_prob": 0.03304749354720116}, {"id": 1, "seek": 0, "start": 7.76, "end": 13.72, "text": " History, not history. This message has been brought to you by the society of", "tokens": [50751, 7443, 11, 407, 2106, 13, 770, 3275, 468, 587, 3181, 284, 345, 416, 262, 3592, 286, 51049], "temperature": 0.0, "avg_logprob": -0.19099338687196069, "compression_ratio": 1.6614173228346456, "no_speech_prob": 0.03304749354720116}, {"id": 2, "seek": 0, "start": 13.72, "end": 17.48, "text": " people who think that names should mean something.", "tokens": [51049, 661, 508, 892, 326, 3891, 815, 1612, 1223, 13, 51237], "temperature": 0.0, "avg_logprob": -0.19099338687196069, "compression_ratio": 1.6614173228346456, "no_speech_prob": 0.03304749354720116}], "language": "en"}