{"text": " \ud83c\udfb5Music\ud83c\udfb5 \ud83c\udfb5Music\ud83c\udfb5", "segments": [{"id": 0, "seek": 0, "start": 0.0, "end": 2.0, "text": " \ud83c\udfb5Music\ud83c\udfb5", "tokens": [50363, 12520, 236, 113, 22648, 8582, 236, 113, 50463], "temperature": 0.0, "avg_logprob": -0.7758731842041016, "compression_ratio": 0.65, "no_speech_prob": 0.1551467925310135}, {"id": 1, "seek": 3000, "start": 30.0, "end": 42.0, "text": " \ud83c\udfb5Music\ud83c\udfb5", "tokens": [50363, 12520, 236, 113, 22648, 8582, 236, 113, 50963], "temperature": 0.0, "avg_logprob": -0.26220073699951174, "compression_ratio": 0.65, "no_speech_prob": 0.8346704244613647}], "language": "en"}